{
  "primary_test": {
    "metric": "pws_final_half",
    "treatment_mean": 0.7824250325246971,
    "treatment_std": 0.0025943481473495802,
    "control_mean": 0.7587231053081855,
    "control_std": 0.0003425584023700756,
    "t_statistic": 12.809056598551456,
    "p_value_one_sided": 0.00010705552458034276,
    "cohens_d": 10.45855091762699,
    "n_treatment": 3,
    "n_control": 3,
    "ci_lower": 0.020087544499577836,
    "ci_upper": 0.025992467905214034,
    "mean_diff": 0.023699224872415978
  },
  "slope_test": {
    "metric": "pws_slope",
    "treatment_mean": -2.5702880461998047e-05,
    "control_mean": -1.2517750482005399e-06,
    "t_statistic": -0.8947677736031056,
    "p_value_one_sided": 0.7892568251801222,
    "cohens_d": -0.7305748278712492
  },
  "quadrant_similarity": {
    "pws_q1": {
      "mean": 0.8116160864398149,
      "std": 0.005510077127448482
    },
    "pws_q2": {
      "mean": 0.874894848197921,
      "std": 0.004947990301310708
    },
    "pws_q3": {
      "mean": 0.9494981010645747,
      "std": 0.003591153369030882
    },
    "pws_q4": {
      "mean": 0.9093544913163182,
      "std": 0.005660725326494134
    }
  }
}