seed,condition,pws_final_half,pws_slope,pws_mean,pws_std,pws_q1,pws_q2,pws_q3,pws_q4
0,treatment,0.7787976197630916,-1.3980706833711751e-05,0.7884681785194496,0.0526745146176963,0.8182637300126226,0.8815388427911411,0.9450395510948408,0.9017228996646078
0,null,0.7589455226204209,6.292401488476738e-07,0.757499290517278,0.0381377718096078,,,,
1,treatment,0.7837619045976001,-7.77131696645591e-05,0.7972108491429951,0.051610933018511156,0.8118133512928349,0.8696710323198623,0.9496212960639251,0.9110762901318661
1,null,0.7582391805496991,-2.283296209036467e-09,0.7573697340633714,0.03833807371013397,,,,
2,treatment,0.7847155732133997,1.4585235112276717e-05,0.7873049940342681,0.05163461895773539,0.8047711780139875,0.8734746694827594,0.9538334560349581,0.9152642841524807
2,null,0.7589846127544367,-4.382281997240257e-06,0.7579568643336433,0.03839659448133796,,,,
