{
  "primary_test": {
    "metric": "pws_final_half",
    "treatment_mean": 0.7829968980098917,
    "treatment_std": 0.008396643408946797,
    "control_mean": 0.7590233339621614,
    "control_std": 0.0010739515881795134,
    "t_statistic": 39.95120227538104,
    "p_value_one_sided": 1.1910300433305906e-141,
    "cohens_d": 3.9951202275381044,
    "n_treatment": 200,
    "n_control": 200,
    "ci_lower": 0.02278760140438982,
    "ci_upper": 0.025131699118290322,
    "mean_diff": 0.023966508406298152
  },
  "slope_test": {
    "metric": "pws_slope",
    "treatment_mean": -4.38586195156924e-06,
    "control_mean": 6.391832229934431e-07,
    "t_statistic": -1.2722486236377035,
    "p_value_one_sided": 0.8979862013213984,
    "cohens_d": -0.12722486236377034
  },
  "quadrant_similarity": {
    "pws_q1": {
      "mean": 0.811477103315804,
      "std": 0.006751613876256053
    },
    "pws_q2": {
      "mean": 0.8770874186560829,
      "std": 0.005191981765972511
    },
    "pws_q3": {
      "mean": 0.9491463015540201,
      "std": 0.004458133249910956
    },
    "pws_q4": {
      "mean": 0.9090811602454465,
      "std": 0.007263644494935612
    }
  }
}